{"cameraMode":{"drawMode":0,"name":"Shaded","section":"Shading Mode"},"sceneLighting":false,"audioPlay":false,"sceneViewState":{"m_AlwaysRefresh":false,"showFog":true,"showSkybox":false,"showFlares":true,"showImageEffects":true,"showParticleSystems":true,"showVisualEffectGraphs":true,"m_FxEnabled":true},"in2DMode":false,"pivot":{"x":3.737520217895508,"y":-14.825544357299805,"z":-20.0694637298584},"rotation":{"x":0.015218621119856835,"y":0.9578816294670105,"z":-0.28220805525779726,"w":0.05231694132089615},"size":20.085451126098634,"orthographic":false}