{"cameraMode":{"drawMode":0,"name":"Shaded","section":"Shading Mode"},"sceneLighting":false,"audioPlay":false,"sceneViewState":{"m_AlwaysRefresh":false,"showFog":true,"showSkybox":false,"showFlares":true,"showImageEffects":true,"showParticleSystems":true,"showVisualEffectGraphs":true,"m_FxEnabled":true},"in2DMode":false,"pivot":{"x":21.687406539916993,"y":-11.702888488769532,"z":41.10833740234375},"rotation":{"x":0.053527362644672397,"y":0.8803505897521973,"z":-0.10274398326873779,"w":0.4601958096027374},"size":13.201462745666504,"orthographic":false}