{"cameraMode":{"drawMode":0,"name":"Shaded","section":"Shading Mode"},"sceneLighting":false,"audioPlay":false,"sceneViewState":{"m_AlwaysRefresh":false,"showFog":true,"showSkybox":false,"showFlares":true,"showImageEffects":true,"showParticleSystems":true,"showVisualEffectGraphs":true,"m_FxEnabled":true},"in2DMode":false,"pivot":{"x":7.344395160675049,"y":11.336217880249024,"z":-3.617450714111328},"rotation":{"x":0.015131540596485138,"y":0.9609931707382202,"z":0.05430518835783005,"w":-0.27102893590927126},"size":7.049592971801758,"orthographic":false}