{"cameraMode":{"drawMode":0,"name":"Shaded","section":"Shading Mode"},"sceneLighting":false,"audioPlay":false,"sceneViewState":{"m_AlwaysRefresh":false,"showFog":true,"showSkybox":false,"showFlares":true,"showImageEffects":true,"showParticleSystems":true,"showVisualEffectGraphs":true,"m_FxEnabled":true},"in2DMode":false,"pivot":{"x":0.27436161041259768,"y":5.500793933868408,"z":0.15062260627746583},"rotation":{"x":0.36407575011253359,"y":-0.26853811740875246,"z":0.11048614978790283,"w":0.8849680423736572},"size":9.835471153259278,"orthographic":false}