{"cameraMode":{"drawMode":0,"name":"Shaded","section":"Shading Mode"},"sceneLighting":false,"audioPlay":false,"sceneViewState":{"m_AlwaysRefresh":false,"showFog":true,"showSkybox":false,"showFlares":true,"showImageEffects":true,"showParticleSystems":true,"showVisualEffectGraphs":true,"m_FxEnabled":true},"in2DMode":false,"pivot":{"x":-19.633033752441408,"y":2.434817314147949,"z":-12.057938575744629},"rotation":{"x":-0.08597029745578766,"y":0.26932504773139956,"z":-0.024107441306114198,"w":-0.9589869379997253},"size":4.141684055328369,"orthographic":false}