{"cameraMode":{"drawMode":0,"name":"Shaded","section":"Shading Mode"},"sceneLighting":false,"audioPlay":false,"sceneViewState":{"m_AlwaysRefresh":false,"showFog":true,"showSkybox":false,"showFlares":true,"showImageEffects":true,"showParticleSystems":true,"showVisualEffectGraphs":true,"m_FxEnabled":true},"in2DMode":false,"pivot":{"x":0.019540905952453615,"y":0.06803953647613526,"z":-2.2351741790771486e-8},"rotation":{"x":-0.02190859615802765,"y":0.9567418694496155,"z":-0.2803119719028473,"w":-0.07477658241987229},"size":1.1766579151153565,"orthographic":false}