{"cameraMode":{"drawMode":0,"name":"Shaded","section":"Shading Mode"},"sceneLighting":false,"audioPlay":false,"sceneViewState":{"m_AlwaysRefresh":false,"showFog":true,"showSkybox":false,"showFlares":true,"showImageEffects":true,"showParticleSystems":true,"showVisualEffectGraphs":true,"m_FxEnabled":true},"in2DMode":false,"pivot":{"x":-15.876937866210938,"y":2.2435855865478517,"z":-15.294455528259278},"rotation":{"x":-0.32935747504234316,"y":0.2992488741874695,"z":-0.11088764667510987,"w":-0.8887301087379456},"size":3.3302416801452638,"orthographic":false}